nft_id,tx_hash
711,0xf6b2964863b696a8961dab83746617ec428f7798abc53136a2972b15e1a56027
1034,0x25ae26d1adf8d3eea3be0b55636536a6c3a367c12ebb83fdb551fb177e3d0cb1
953,0xbe2e33924f2fecb14e6f9ea0d4076f1a22b2ff69b32e455735120044b46643f6
716,0x7ef3682432a7011125814939527cffc8f837e0f3cf608212d16f97b297a74412
1175,0x61f9e65b60e8e8472af115b8d05007d31ea14682ef7afefef7f93d236d977d0f
701,0x966739f4eac90e5cd23edeb2891889b29ce2a85571de3873f7e02a2a8292277d
1006,0xef41441277c0464358d7350f7dda583a5e5e70d8842af34429bff9a3f91692fe
969,0x849f32de757876f2ac23f69c8b9c01713878abd864acc84414be6b310ca6481a
1521,0x9fdf9a4668e01b428c6b8fa588e31b448ab3b63fe72358d5775303ea1f067d46
1444,0xf3a04927df7e5f8c0f2b5f8002e7583f7aeca244f05cfb4cc8e0622a426b244b
1479,0xcfbcb5eb450da98cb9bb08264ef49d0372715a7aacca39e555987ed23b26bcf6
1084,0x0c933c4d686f8aa1acac056444848bfae6134a0ef112aff82a4215188caa8751
1155,0xfb95891577745d9eacd56465b83d3e155b8a0ca69d84cdd0227dd2f0ea22c3af
1055,0x09cdd939182fe507194ac355729e7ccabea476518244e81713718395c198716b
1450,0x6f74d04917d18ed665473151d3ae8abd01165a3f0983165ac118bae1434b43a4
1207,0xaba112b751b8874816c310f11b22bd3447d3fd18ed36074ac6f3516c1174b2cc
1388,0xe4152b8f2f5a3755f3f55c154154a66d8e426a75f71bd4629c3a534713014282
1182,0xe56a468a19e7b0ef5f67a2c13f417079ebb25f24883d621acd1e61600b82acda
737,0xb5b21752de826850beb03d5fea080d2b9e6389dcb384917f5a0149356249f8db
1375,0xd7db414da3db14322c9af30e10e91d334ad3c1ffc16885312269e43b8af8da2a
1229,0x894f1967df67639da1f72fecb1ecc9ca60ecca02924d83c272e26bc3688e9f4a
1198,0xcb0dd934b792c2cafaee75ffcee82046aa94f5dda94147093790edc7e63d876f
1104,0x613d807463838e1cf54312931dbcf7d8e13bc3cad5d2747f9792b8e74f6d78f0
1247,0x2761d37c44b5e8c41474fdb40063e226d1e6c0a41ae4aef0bd59aa6f2b5c9b10
1196,0xd5999eac62cc6ead08e056551abaee8c1c4a4e2aca4d76f0eacf2ed619a9091d
1213,0xdf07db9dc2a19efe27008397a3b094dcc3b412a95495e27036e2e58774ebd2d1
1494,0xd42cc473a71cf11c152c525b9e59568ff738874ea002ff8b1346b849dcf42570
1118,0xfacbcf768cb0ef7508f9523b49ed9e8477f33e496775d94387eae2be22e8bd5e
875,0x2174ee62f5af9e01c0195afacf678155519a747c030b470e676e6ef28683c606
1471,0x5503e2a55bae0791932d8349e9c404b9553840ad930855d04b0dab560d0e9eb4
936,0xe5b66db2d3e6f406eaf9e72ab8071d3b1dff5060e1c6d2200b0d74467573f046
1222,0x420b50ae8826e4798cbcf5060aed551d4caacad6f074d696793aa70e50d0a377
1252,0x901ffeab607fd3cb78c8d8b11e7244ae13f2c1011d7c471565cd03df02b7000a
893,0x68686b0ebeaf36c56d6ef1ec2343fb82d032c180cd16c42c2b10a010112de7c8
1171,0xa8c2a107b752b4583c32b12b5c0a1fd346758f68f03460f5db92e35864fd03f5
1361,0xe535ea32678506307119b2192a6f602a02b809494015b3c0f9d22c4b4ec8f5b3
1397,0x6a2e84a5f2cf4ffb3041eff4533c87ac15fafa52c47f72407013e05f77b5fae1
1402,0x6470db86043f48b28d66f48db4debe41fe47f11ce4f02dcb9a92cd7b1f9983b8
999,0x66b2b280deb21a9924514eace1a78c97a9a8f7e5d9992c52697a401853e009cd
1028,0xfe3ee80be5510fc133f34a519289d662912632872e1cd9827f86e0f171131262
1379,0x94dde778aa383aa6881fc6367c9368b6a7ea894eaa8e383663e5e4d668a2fdb4
1406,0x5c6f11d7de1043affba2968c39570edb812accbb4d11f44382f2a06162ffa7cf
1390,0xd36191b8a8648374f590ae4795039f5bb4b1c42f27f5f1ffd6d8cfb55b910ca9
889,0xff92cd763649ed1b744733ae32a8d880f8574764faa277048c3b23b0e17ea8ec
1123,0xbf3e4e33cc2570cefd7d8bead1f27820b8208ae355f01830b260b81e34f2c301
1249,0xbc96699866dfb10bf51da4628fe8a814a3576a0ea2915ef8d5fb94badf810cbc
1148,0xf114ba31031dd4aba762c4ad24a60420ba5223d5e579cfe7753716e6c7f265ad
1393,0xc5e97ce8960c3e4b7ec10350e64341ccdd02f4481595184ddb483a52e8d10f98
1476,0x937fcc5595828861f7173247956a848763adc73d447443331964ea1641137bb0
1440,0x0e82e6918b7000e0f40d32a161ea545e1eab86452ac06b4d66d35d0b0cedc4c5
1153,0xcf3ed5bea23f97d3aa78ce79a1783661a7b8dc6cbab51495febffafbef5e35bd
957,0xeade11a816429215774be0af82b290306dd88283ad56945ee85b422782a304ef
1420,0xd8fcf6d51f0b91e7d28f2244f3a57d2ceb991b2250e5420936e88e0518bd878e
1400,0x697f4b19fe5e730a067228638e32179ac4e820fddd18e27058737ec893fc1f8c
885,0x34f51aa42cd30279dc9cc3a9e720dab31ade327a7f216e133cddabc1a20a80af
1216,0xf0c23641136358f896af71f9fa06885399a8fe7025afcdb6815b75ca069b9a91
1130,0x3dfeae08d0fe818b492bbd7c1f87e652f2d4a0a3f24b2107b6a880152fd3fcf9
1277,0x7d6661c0d114246e296172c808cfb04099bd795152c5ce2a3ae727084ac8cc50
1041,0x7cdf500930c31b21c0e1326a8648473882ae742fdd5b6a60c900dc26bedd7d0f
1193,0x75c7c70ab8d53c7656fbe6607e911848dd25eae0fd8cea94af92b30744621730
1446,0x0b4756f4559ecdbb0d3180a3715f8717e37d5b4852b7e0ec59bd0e5ba75aa800
1505,0xef558e99385ec10142c70410b5f483ba8fdfa99b798130af5b17a353c8d69632
1177,0x39b7934c11c677686ad8655d543aaab39c65224579c55262de4398407c792cff
1206,0x5ad685249991cf21162e368d3a3d5ff06d0cc54624f7234bee579d54d07fa8cc
1235,0x12797394eed8b0e40c3128af6762a3b33dc25e1839944165257857a1a5cb7676
1125,0x282a94cf29747caa25448c5df8a9b05969d3d81897cd06885e6453f4b6f1439e
1168,0x98d4755a91355db451d2a7a6d7bb236a5af9161ab06d5f98068f99f1df53f832
954,0xef156c6d398a56f2c4556048f54676ab217b2759af9f5d477eedabab739b4510
1511,0x0947a1073ed5e5f6d48dbddba23f235967d3e98b06e5ebca2edce3e10b47b622
1209,0xb03cfcb1f7c15fa7248dc861d7317a56ca55c9e0bb76b7f67832390e8d743c15
1503,0xfb08dcbfb5529c9cc6a82e81633a34e2135e591f633ccbb4ea5c098a01f0112e
1411,0xaf91f114f80a90f7e4eea98a557c02f2fe873b5124e632c81a2ce4a0d0ebcd9a
921,0xae6eaf93ab23dc83107581da8f44e81ec7079e7e23bdf76df0f3b676125b40ec
1096,0x3ec9c47709d653fdc36319e6f1be0cba6e2133b6cf2ecbfadbc690cd1062fe05
1165,0xa555f1a339d4caf06a56058a28968f132d38bddd6d59a4893633bd15e01be4a3
932,0xeda48f1fcf992b99f0f8d46d9570ec29a525cf87218659c7622e45275d774acd
744,0x26763c6321cfb36685f98b824cdaa5234ddc1d3163e299b8f17fb938d189c202
1150,0xdeafddc91c5a45f9f9030453f58b9d99e972981cc78ac659156cfd1d0d179e93
1506,0xc75d9e5bc88ea8e3f6e0149b40cbf8bea6572854ec8a5df315e9a474aa9fe0f7
1007,0x39bf3c75efefb0a7c85ad9acd72cea23560d786d4deda7ff50cd9a0db4b8db9a
876,0xcf5a9b03c4d3cb51c126049ab965a85f56648c928d1ac27af9e4e14f5a6a36e5
1243,0xb35e9bd157c9b961804520791db48725c5abbf82d5b9ebcbb2a07c6617891a68
1114,0x5583280757258a6b92ab5d0b0597de191402c2ea5ce583948871a7999d18bc26
962,0xf32a3d71e7f535257c67ec098335f09d8ae9ba5e29eb28c2db8a000fef634c04
1342,0xe6c4b0f57f0794c6e92d070369f6117d2fd473da383b08a7f6680bb1579c5cbd
902,0xb1380de7ab669d8649f217a85bfbd5358e797e20a7010ca1d65477f0909fbd64
1323,0x85441587e341e1f8ed62ce0d4e785bc57ad1b30ba3d6bc44dbca83b2801fecd2
1367,0x206543f9c96997b1dcda6218dadfe1939a283ea4478640389f4a752ec7151baf
1180,0x9fcbe957f916faa1502c4f143307454f56ac908b78ec294ea868ee27acaabe6f
978,0x01aeb9d8f0a40f3517911b2ae36f61ef089e53a8571129a05fdb81b1bdff9771
738,0x7205cf221a413bb55c7130b7824dc90a7f551d81e24f99bff6e484f67e637ead
1301,0xa7c851619245929321efbce42406abb919ed637319fcee5f7b27c2f14e0e5f8b
1197,0xa277cab7722fff4f049969f8eeb45f435962ac6cfe42d582816ed4172d4c6aa1
1102,0x68ae7623a849f26cd1621fbc1649401b3c7ee42f2968848cfe560af843d80bf3
1418,0xf85130b414c7cecdf81dd9492bebb126d22b0eb35c812d9505a3cdb105903c17
1491,0xdd04ca33fbc82f7bfde9769d3eee6ec4acc8005aa16b0cc56e1085b063a4f602
1347,0x5b5b34242bdcfca335b42f20ad9f34ccf82bf281cd1a5c1204279ce4b59e1de3
976,0x6ee4c3524c5fc4a9a302b989d38491e6eb34f33ea425aeee8ac6caff1f8af994
992,0x6ddcb5b08eaf1e20e9e4b80bd4c60356178f3aabcdd5ea1ba23a41597969f991
1343,0xaf7a9dcaea20f5839c456a5c8f40b4c7a615400d41c0339fdaffd46b92f42cbc
1455,0xab912063ee4e0a66df855938d53b4c0d954b43bc2906985541cb62abc3111c11
1032,0x4fda5e8488afd83eb83a5f9ff79866e1dc46f51acc9794b0612e2bb263f75c27
755,0x9491d99c2f72df4fd11fe33323ae93a7b47ce0113879c1970d59b80a36db2d5a
934,0x57da180272658bad108428bb9e9989831e4b3624d6a0af0776a4afd8a639b3d3
1189,0x42cd657aacb0b4416ca156c5543a1be5208b51e7ea54842ad8975fc44db22844
1447,0x6eb67ad2fa695ad5193b9293bd070ac221859078e3f5ab34bb273a3b8608d06f
720,0x85f5dbaf59d9a4f555400f1ce658acc92d1d7fb2238e3bb91ff6066dd51c71e5
1185,0x713b75e5b1b8d4534f7910031b950c590cfe34a23da4be5dd8a34afc2a1c402a
998,0x0544d0cf1130c730f4888093b68d343afc377ab5eabcedceddd996abdbec8de9
1284,0xd3bea68b8d1ac663f976040c8630b3eddf6cbbe222eb4d41f6290561cae7cb9d
1179,0x05dfbc02c0ecce2e85510554f72852737646d5c89d5a022521b205c868d191a4
1422,0x90d5afb80818619b3808f27fe788a400f5c7d09944e168e757243626c933c3c6
1454,0xafb6fcc3a4723c52a75f870895ac60c2251cedb65e0de0a9eccc6bb19faa2114
1477,0xf578f978a6cb35f8aa12ce55ffb9d20c0babca74c2360b26817f6ecee968e288
1232,0x66d0783f5c17cf22de7b447d9f47d05db10dddd90fdf7b0c076b5bfecbccc7f3
1083,0xfe4237f6696ec07577491e198e39dc9ee19d5e919dcf62a0815f7b3eb48ff3b0
924,0xb468fa9430304c59c13a2ae0cf8863636cb2345ef84d7523c6ecdbd7400a57b5
1107,0x836864c5ad6c9b6e89cac7e0ef82fe4c50a28387dd42598797908f27f6ff5574
933,0x71f2f3782556ef292fb088cbf3110ad01f1a78c17ef59fab4cd2c820280dae91
1434,0xa4876d30acfb311cfd4c28f9dc8727e9ed5cee1057ba67af1bfe4bc18c324054
456,0x7ba101fd4c22226a0cde90f88b990b553b7ee57f8ca672bcb49e7ad5de856f64
1119,0xa5b48db9fd6ace3c36189bc79bc204611f7b9b7a8f45e8639501d7553d191799
1408,0x729816bbb0aea8ead90d7e643458b7373d65fc41c202521ff00a4db4e4c54c4e
1266,0x48751d07883461b3f930e66834eed2b80e99e2b71c2b8e8463493d0ab7a96f08
1268,0x2be434862bc28188ebcfb50ecbf99fd9f20efddfa5c43578899a735dfb53cfd3
1002,0x064e47d3b3d77e175c6e602f07cd9322c3854aeec6720c82cc999b831dda4936
1484,0x775e523b0629c6236d3e2b86a7af115eeef3f79a2f7d7fa8bcb2986f6d330322
931,0x30d5f663ce40667b0e1554062dc36e247134b9ad360c34e9b87ebd13bfebf890
1421,0x54921601fbbb043de0025e2cda5b0065ce1835e3435c93ded6c81426b20bfbfd
972,0x55a26c8ca286df78d60535d42ea9390674fdb1e53a12379808f4bef26afcda06
1467,0xd62f4da63c76bd80a414533809781b1be8c99e6b51ddda6db31814a9fdbb6204
1204,0x0c25a6e89043dcfe35d31f0906e4ad2f397ad45f81800aca9c6e6e86535d1ef6
1512,0x4275d139150c2b1430f82bebf2c14d6ecb4f09ce5a84cb19e3faa524dbc55867
1234,0x033b7baeea9fca977890aa3e739d024cc829f588a082ee3ebeed7a4d4bd39198
991,0x8dd0811b909f4ea03635d6d0a37e4bcbc013b6843f0883147aa84a3fd14cecef
881,0x5ab8f2a53adcaa1755d7d70203e7a7d0beaf59a723f0cc6df2e61325913fed9f
914,0x26539ef3d2d1c449970d70793f3745acccb13555e80c00aa3915bc89eceb7c03
1077,0x7b80978bab5acbeca3e6603aceb847f92ee067705333c8bafb5672e182d44e4d
1058,0x040ec391008eae680d850fea2685c72943e6e0831825ee4fbe0be83e82772a6a
995,0x3f60a6243d1dbc11fc166e3e1ce0c96f5c9c50e0c637b77201909b8a19293039
1492,0x77b82d2f928585d84a1254b44fb18fd1e7f3a071168140d29c1f70fa533f79e5
706,0xbf60df9b3ab59f684d92578155ff8f81082a65a8710328de542f6f6d28234363
1143,0xbbcda3ff22eae7c4e99b3039f0107f76223c6bb23e9d86ee9a584fa435818f7a
935,0x1b498d737804b7249dbef268648cfb9534ab82917fb22d14bf9dcfcd0aeb8fb4
1272,0x3c89629c9d1563a778d887050eb753902d3344f08c8a30ab5da92f4ac44f6ac0
1068,0xdfcb619814617a6527ca9d60600b1ee83e082b527e4a55b2ad401a17455bc87c
1078,0xe766cdb5857614808814273abea96d552bdc121c327b7263e067dbee9e3d5b35
965,0xfc85a61fc6612896f63373f72c94b82c4270ebf2c23adc439d8f1eb0f5041dc1
1376,0x6ffca374793e01ff5acb9805ab1a48c9e2c37df294cc31697e00e28ba8826c28
1306,0x7570b126f2f106a721523d4cfe457d8b9b4c355227908b92128fc65d929cae39
873,0xa56979df9e25a020fc3bd4c43a8a4d1789229ab9a57b00e79892531ff2a80b76
752,0x1d4f44ccf6554b00295d3cc90881320a9b0dd471eb2213b4652b73411b2fa424
1276,0xd7bdff989dc2016ecb69426a0524126074ccbc0e115a4e875d5742566633bd27
1178,0x3a5182eb5e8e87455c9e3ff8756ee57d68311d998d473e867cfdffebbb980cd5
1200,0x3fc30bb3abc59a80c51e54938f8819b355db74ece29a261ef9aaa48cf0c0572a
1495,0x74940097615514e05b82a25ee74e80c3519a2f81b4f735512e239726ac5e3b04
1336,0xa2725ad63ebdd0bf90756d9e7ad2e360e5294ba194dfc8058a5edecc36cb9fa6
958,0x6c7e41ef72d1a6b3c31837f69b4b7cbbe624903094f19f5f2991e1c008cb7221
1317,0x1adf84fd96d3420459d3d8fe90b3e38251d8d9f96091de7b0c167279de974527
1461,0x0eec6d4869c6d07226c848c2e7ee673ee2801f90e7305b7b7bfd4d0322384f71
707,0x20ba7a63ce689f9cf48201274c865a41c090e34f15beffeab1cf128c957daa04
1279,0x3cc0e109034328337829ff83ef81e9fb65eb98ed022f3cb0db6af468c5af5721
1085,0xc3a89433de95834fe3f46fb364495e3a2cf7eb2258664f5dc6f73f794a2816c1
1265,0x625a13c7e071ae91fe58820bb17db1b44498b532cd9049191b8f517e47930cd0
1145,0x1f5aea2c9ecae9167a8e50d6c61a9366e523d49ffd23a41ab5ae8487f7d57152
1463,0x380e14a7b899cfb354f0fb4b75449c200dbe40ffe8c659334a9ddfa4c79c10cb
1404,0x7a8873758ea490f23e44e55b1d9e8f125ecb024577abcca06b54f4fc3573139b
1086,0x2416c1fe0c38f2f40cffbd30767edec864a0b7d7314a38efc19aaf0a7a3250bd
1332,0x94df339969b638c2c67b4c9eedadbee6d0d3eb0217386695491ef7117ff48c1c
1238,0x6af68adeb4d72459b65e847eebaa83c5d6c132d633f00c13e3ed302affaeb7b6
1405,0x0db7abb28679b13af3767236c66cce526fcb14a4ae0db2a80af6460b687e2e3b
1239,0x7d58c9797f67d0523f273c8d6dffaca59cf7bead5a3b7e198a9822a014ca7859
1004,0xbf17bd90120db6bd43fae3c29563ef9416ca03e9b37f73e0a33b144c15d8486f
1358,0x4bb88698d3a635ee2536c73183c4647e1b4f9973f9be7c5e7624737e7b67e849
1485,0xb7cee1f7fc839c42e15500fa92e87530671e7b0a9bd24202fcf857b27c6ae52f
1042,0xf54a8586bd63298712e93b6c3246b5adee7d65df575d2703197be10403f72b6b
912,0x406bd599dfff176616fe6bc12b9884c8c138dde11211a7b9d8c67999b55fe235
1457,0x669eb8fb531b2b9061d39ef9958a4197a6080fff61316a1b0c817a8d0105653c
1399,0x624ea9cd7f8c639577245933a558d7ba26a020e9d8288eaa21a78d880211a78d
1291,0xfc5a09dd348acce3fefaaf91abfa408055c363f413c83d467de503d95d6e1fb7
1138,0xe1113b479b41cadd6a545e86707953622578ef48f0290f4ff76ec610ca4974d8
1475,0xad1ebeff0373710e4d9932e545a68ea9c1bcc4cd9aca986dc7187afd6ddf8dea
955,0x68c3289086cc636d40ce162d111fc4a659d7640730baee9a30f2f7724b2c9b0e
745,0x807377bb4066bb20ed5315f6eb7d53cece05008c1bcbd99cece9b006edc17d09
1075,0x670591021ea670c8c57f7183eccb414ac62119f409bc93e2a29d48c127d23a62
905,0x8a553845556af57a94e2e11de5680cc6a257d3049264e202d135cd00d00eab9b
1170,0xa162e9bc4337c7d0f660568a3d76c378fd5a641ec5781bf01087a836d47699f0
1134,0xf686cc7a0e837b6b19369dea1b88a7b6fb074b17fe9b89853da867bc828bdf94
726,0x0e66a8dc534de584359be69d5a43f8118115006dfa271d1d2a58f96c5499efb7
916,0x051907d580d5dea0ac67445630bc62df90cd0c96b8c17a7a2cf117d37f98adcd
1362,0x9c4ec3419c31a643113db3a82ace4a8fe885abb591c9108351d36fae2d47b3ff
702,0xc5f4494f1a316a8c4ad412e077a1c7d796905df47ad68984ae3880e8a8506f18
1019,0x61b6af987138a6d8d4ccb4bd6eb5f0840af0d845597636f457092161abd69b4a
1335,0x2eff1e31346b6b50713195039cfdc00e59d23262c8b92d739d0a3ad02937db68
1464,0x24c1c994b26b98aa9bd10b555356940321c28d878e1797c20f5f5730a13e4b2f
1423,0xf2d0b2135379840bb22efd4ecad15e60032ee3b658706f42f3307b81782c5039
1113,0x1d552d97c1d2a1e75180054c482f9e79d669618bd23adf1fdf5f04b33c57091e
1023,0x1d72d95e485a36a8ae6af92602a3de7b90700aecffd0418e3c28e7ca94ac9f04
1133,0x47248f9c061b2e1974a4079f52de1e1a3e0fee1a87f0ca5d93d6ba631558c39e
1327,0x68f216db7b54938df3bf43f6f7b1066bcf6979d70917ee4aee70cc5f4000f272
1267,0xbe8ea550135b3cf3de0433ce54a913516a635bb1d784e1acd4cc075564e718a1
1011,0x75eaa10c1afc434a010ce77c78ad5f02b70c543cc89f7d096e2f70d2395328e5
1348,0xfcf3b17300d92be1d492177ea840083d696ecc64c27f9608e95b2001322e0cd9
887,0x5e7b76847eba54f5c7512ff06d4a894f9a289c7e074c4dd1746f31f4a30013e9
1205,0x980bea9c62f2400a45b4728904366daf7970e096f490f7b5a08272ca37390177
1341,0x543393dcda87c0f9fb2ad251ab6970c47bfeb8415672af0b24aabc7eb2cca7a4
1465,0xdd3c4194a4f81daa5acbbbc6862fda5203dc0760d5c2ba6aea93287054a8866c
971,0xf35da70b52b9ff1105883f72f28f790a80780a474a092678a557c9c59c2f16bf
1278,0x50751c4c1c75df9b4dd7e4cfc86e44ebbeae25d4e949e23336d4f9381bd7a8dd
1401,0x68faf9bfc317de90eec4979e69d97b730366f759a1ffd91d5f27f553ba7465d3
1312,0x959fb63846da1dc8342ccba5d83f029a04c62940d4da20b28f9304badae3a722
1504,0x52d05701cce874baa65f0a4b7f3e887d2749a13d2a0726373ad3f1a4e08c780a
1210,0x059f4a3f45164ee53cec46076bf3698aa78f15d313f4d08160deb38000a92160
1509,0xe1eccb98f5809cd45ae7081b72b2f2d58a07ee0b952339650366ccfabce2c3f3
1316,0x8d9451c9d5cfdbd1d221d928cfb88142e6f0e8676dabfb19ca8bc36f540422c4
941,0x1b2c8905f57682eeb45c34ac225f3d7105d9366d1b63fa8951740025c4f555c1
883,0x3af3f3a8bd023eac395836dd3c514ce111c0f81b29786d57b61b46e8985159a7
1045,0x213dd695a20e2c650daf862d5cff41b443451717f704ef246c8e4ec859dc1365
1271,0xe368ebfd68443cbd83e28e88f888ce4ed3eb9e25e7900304add4d8ae532c7391
1451,0x55038e9025c1a6735198e2d3f9de521a5fbcffa0d7c3afc951d454fecba76604
977,0xaef887b1d71b0b872e2fa2c8e25c9221cabee4d5fc5bfa22c8d5792e312185fe
900,0x78e5b5dd09622bb0d70a0f07b42116420dc6d4ec6a45c191fb890e6bab287ff6
1195,0x3879bb2acebcef2e98b28227be84e79506b498a6a4d54f4e8661d23729be31e5
1191,0xb52dadd64e8d7f70124f2d818ed78b7553a47f3aba393a8f02ea56c0b9e134c8
1176,0xed9d037177d91484a06aeeb13d61a7ac1d6082876a279f0e57485ad9f0b368e6
1428,0x91d3cff5066b592b5be73c7469cb28ab03712f6f27fe3effa681fc3602a8df6e
1242,0xa706cb2038d936ca969c91bb04575f4dd4a744f4a8b8f550dbfc50e0398560e4
1065,0x15f1eaffaceb8f857afb6ec7bbb68cd6fbef454f755d773aa318f86764b734d9
923,0x7ce05819a90d4f5f9a58f01422d2d0e53ba9c79621d4e80d79bfbace7fce6666
937,0x8b5e5266a58284887afa76b538d39f7be568d0384b8065af0a53bb6dc3598b86
1310,0x362361bfff7c29110b72e7a99c5c670204ef48891f3e38ac7930dcd7fe810bbd
1409,0x5a34d436930bf714133a6e1ca56a6fe0cfe9bed8f3215c745154de921e1766a3
1293,0xcfe629852e212884ca52cee4a1f81a2ae066401d640d1c0ecbc36856f2559ae8
950,0xbc9ce4f4103c28dfa3c67517185d94874c3f5eab8ec157ee516e4ae141ff1269
1300,0x6efb58ea09fa75fd2ec3ee3ff211f09d5bb938d0dad4198fb8a2eea3c01026e4
1330,0xfcb852d97c785ffdded2b31907cd8bf3f333b62419d5bf32a97eae10b10eead0
1015,0xba719bbf3655c96cf2fd29f6b3de9469b7527e81351c69809abbd0d360b39c34
1108,0x438afa4d19753b2d1e9f6038bc4b695b316fe21aabd10f8b4239680f3b208e81
1490,0xa3b634399bf9d771f2f24af97e589fb6a2094129884db04bd3bceebc6dffb15a
713,0x6fb96a4ffaecd58798f1d6e287f2a836f1a180bd66e2fe31913025872264e70d
891,0xf6641bdc70fe4f19aa828413f976a43e77503061001f90097e64d67ff651c70a
1391,0x85c8b3813086b7e415b77c8da1747436422d9027eb0977e0674ff980f8f3f901
1152,0x6efcd99cba05345202a24ccd4239bf1e8badd05e3bcd8e429afc481bf1d7dc50
890,0xb3ac5ed0634feab79440e8dc79702586deb7161099769a8cf88c1878d01a3b0c
703,0x0b510cc5338a7696df3baae24b00f58c3ed1f43bf7ea0ba707481a6fb5e9a9f5
1124,0xa72aceb6eeedeaeba7656ca1eb337eac90088f893a73f3cd1a0127f89804fed4
1273,0xb7129d9368c9a8644f53e323f91551e1752bd34df01f4ee669c4021489d8d465
1074,0xc52f967f2f416f389bfd83a119bd93d89e2f01e3f57a2939700e013d7555d404
1363,0x462ecbef7d46cf6aebd4cac8a743adb26a4f0c78a75ea4aa134b7014b35126bd
1364,0x79f727e517dc317d3fe233bf0355dfdb0d0422f4d7ee4417ff17f4d59fc62636
1425,0x98264ad1c00828df2f6f936a6c32b9c94668b3094d5e4239651f84b643ae636d
1201,0x10f8bae9052bce00f52e8124ab68b9061ebf40f7640ee8fdefd2f2c9e85c805b
1012,0xdb67682fa7008e29bbb4d17ad208f1e8f77c9035938d43a561d9b86fcc763a31
1257,0xf5417a8121e54e6477f607f8ce0f86b9a5249aecad3b2b67f4fd6cb2ccf91dbc
1518,0xa07cfa128920db58c7d353a3a921bad1d4130e357fc29ff15dc5b6e2e89d8db1
1093,0x5454d89fdd913750b5135ce9f779e9d0f10414ec1fdf5aeb07437b62c307916c
1060,0x6a36451a1a3951e56cde4415a94d3c914161455e28eb2302d573235b94494f3e
1241,0xaa8a06273172f8605845473be3a946afd095f69521e5f059d1343fa1bc76240c
742,0xae3b361ace3bf616e4cb4ce4aa146f3e7538328d82c4df31ce485b0eba1eafe6
1081,0xbf1c9409efa6f13784f871e1767e58a17b6eccda23f7bd8216fef889f9f13717
1162,0x2fb23c42e31d6e9f0c5445df0d0cc7aa518f7ca3ffac3f4571348aecca858790
1013,0x44907411096fc2dbeb88c840c2023c1eb196c4fc45b7de1b0670f1c676bf8558
1416,0x40b1a904467691487621596b241247443c3eb334b2b2de8cec58cc1d37abd47a
1172,0xccdcb586ad096b598f3d803ca34b1151b6d299554fc111eeeb8dba7382a6a21f
1030,0x3a7e5bc8521eb6782b9c5dbb0684821697bae026afdd988d0dcf1f4f3cd9fac3
961,0xc67f751a8f95619d5b0306ef65349de0f0cb8837ab950b47c2337ad483a3b0c1
1103,0x5988f66786e5f2ce68ecba9e6b565f1241a7cc2ea66f6b05c680789d047caa9d
1329,0x024508813e4ffe6abda42ac52178b2d35ecb0dab3b9496f978dc38afd2767203
1144,0xc17eeb61e1e7486b44cafd0ec18c53bf869aaa2137a2f2e0c8e0d3348612dc3f
1378,0x3a4fb2debb2e80f9361c11577a71d2907dfa067a70df1a30328ec17b23d7940b
1288,0xefa3069e8ffa507e548237b6e07748f1b874c960c1b04f36951c687ab33e772e
1502,0x1eea4cd608027c07ba3f9b6c263b6c1142269e58a616e03f723691056d789b4d
1340,0x235c8de5815ebdaea7ed49a018626320dd54535aa16d57b1ff08457cdd487d27
898,0xe48ddbb172a528cea4c15694e7ea2fc0b05ac4717361974ad4d25b8af8927dc3
1321,0x901c4f930880b7da01ad6fbcaf4bbbf55b71800d3ef1c5c1a2fc0b451e646466
1282,0x40b8ddcb3b0f77b9e40d8fd7fafd3cc42d9fcaf08ea53950776c13a581906ed8
1313,0xaba72f2efeb8e2dac54d6aa4204117c883babaf0d03f79af7d0aa08eaa672d9d
1452,0x6e959b940a25f2b1dac2bff96ceffae92b3990771f95278aea8116db0f17eb5f
1186,0xa6c2160fd1850cb760032f5f394fff5be2175259be79e1b1489690213b67338d
1398,0xba688713b38d9b4351d5cffad94f9c93da6d92d03d51bffafc2dd108bd1b3534
1482,0x79f315bdd8b640d6ef1ea88ef7152ced687e14095b0a5dfd14f8ba5976d3ebbd
984,0x20ed1cf6ef630d5e2c43427f8632180a482a08657f339eb849923be1b89d1585
1173,0x8e96472835cbe1791445d0181a2ceedbec454aea325c0d7f955a183e71a28cac
1296,0x732846aebcfa773df3e43d18b8163cb0142a38562f32b2d4aa5706f477f94ace
1064,0xa2308a60c5f6b71501b4616b41c5fd7599bde702a019f4de9c6f9c97b4dadaa6
1289,0x53f80bc377507819756f307391e61b23e9f1255eb9af9041ae5e73aa6ddf3946
980,0x2365d8276573ce03a8e3283dd4c10ca53eecb8a1e2318b31dda2029721b3e342
1217,0x5bf0be778588abbec5fe5d9766a5f3a051cf1d2bebe0c94e6164af5f20c8b3c4
1407,0x0de61d0667c44add13867a19441195bf2be86895d8b0772b5fd911ae68787d37
1227,0x5093297ee9875ce5cfe8f1502958563e05bb3e02f3d8403f5f2c13376c234021
741,0x52fd551853ead14a391b6908e8d59102792f1b61eb4db95f5806315c1f78e584
1128,0x2f5bc5c0a85a5b1c7d558c906dcc450272c43307fed947db827ae99e35df2475
896,0xf3853059cb025ab5cd6d991e5cf16624f5cbbd2c60c912e95b37d66b99b985e6
901,0x6c6696f9fda77a868d49df7d9eb9c72f6bb92339dc172a51f3b315d6b0dfa5e8
1299,0x00167c88d12765e7e5b79040f362fc66ff556da01b2875a3beaf8f8da13d6856
1298,0x399d25df1e10a98c14ab647b18924fdb592509c226fd1b53f64ec28789c641d8
748,0xa6ea5915a2ecfe2d4e0db593f70a58307f0be1d2fbc584d9155427377f55b61c
1410,0x8f11afae1a86c40a72b522f688b8e3bf65730b1c55553738fef73169657de949
717,0xa8d6dacef943bf49feaac569ec0ab14942b4fe9df282213150fa0d7f5352291f
1037,0xdb20cf313340c91d410d8fb520481496d264ea47cdd78fd1af4cbb2482442bd1
1356,0x9a1b4a63bc6a6314be73345bfbae9fb87a508cea73777a774b45fe7e9fc17ee0
1010,0x44dd22ca14cacbd3928b858069c1503e2419693fe0f3bf990c858ce701196d6d
1056,0xdd17563916fa8f222feb84ed283db17066052dee3454c9772abf5a83a5b89213
1426,0xd77209aa2540267f0d442da21e8b30867b2f9f8977dc090015f1614d5f8315e7
1092,0x4743e94a7bfcc5b0d0eef92fdc0d0aed417a47af153df0c6fa3049d92491c92b
1024,0xee2a4126487289837f7761d197f16af285825125ab3d0228ba87922edf781487
725,0x41910ee8480848e5f5c1a96255580653e7b209b7a1145d05468565db9f053fa3
1127,0xd417321e24f1ae5f3f8cfed8c331d00510fd1d28a9d3f452c73a0c6911258870
997,0x4b0f5d24758a053f1b9979ea72ed5155f752957ea4afe1cbdc59c98d4acec49c
1215,0x8e2a59f7dd1595d5d0464a04fcbb76490479631d9055619d1bd98d55a4c87da5
879,0x068d15645f1382c35d8e0f5a5213e5e9f90380192d91aef4b50551e71dcbb463
1287,0xf57f344683d3f8bebf8dc821cc0175676656e1509269d734053f3a8899e3d79f
1070,0x9c21c0caee35f9d6fcf3d5757879be6f4a42eb02693fc78be4af5e7ac4550696
1442,0xf27a9d4e4d40fed0eb009492e89e100fca2f1b13527bbcb2edf3050053bca164
1040,0xc93e31f8190f5687ebd16d4202534bf4c5d4fe9515ea26486a0a5dd6431b4219
1001,0xbb747f1f8f7991d1f12650c8c3d3a4ecdfc0ecab292299564f6e8b9d59ca5057
1163,0xd78198e1521fa6d62b5412eefd67cb391e0b615b192abb6c6ed4dc27cf7a7d5b
1459,0x651d6a6bd31f5c0036b72ad37a1b2dffdcf680953015dc1b60c19eb2b4fdd5a0
1473,0x3c02a7a7fc4700e1790212503039fdce6009541594813adce4157e880dfcc471
1369,0xc6adf2f2ec2aee4fb11cefb41affe46ebb8fb08cdfbcdbb670d43a559e57a798
1035,0xcf4b9f38c8c49eaf72f512a094f9e80a9a0a1ff2ccda4b0006dfbee8b3636564
1466,0x140ce185ef35366a492bf59dc10fb0b3281df6178a3b3615b83316c08de36a63
951,0x9b02f8a7e59542e69b340b86e2b2cbd627dbc3492647c10acb3fb511c8b3aaee
993,0x51789941b0fe6f914d293cbbe81ae6eb23d0f0b8cc45e46164749d31dbb773fe
1256,0x6f828f543a227cce4dbd4fdc92a828a4ec077a93e27a431f88380417ed5c50b4
1089,0x457a5435934cd00d1f22e340ea141aef9289452ddfa5fae40adbc49e4b7ff720
1449,0x87d10219f09aee6d2c9788a6b0db12d277d713b5d546518a54964f406f3d4a9d
1194,0xd16496b8f1ae71e6021ef58dfdd7be6a886d907a4e9279eb60c85c32af299758
910,0x16f4c8d3c4f6611d61532ddd0aa424fd432bb86cbf201acc621ba44a8880f034
1334,0x11b5bd4e4caba3fdbf806a197dd1194222ddb23a1795f663f46dfa491d9382b0
1275,0x76e3ecbf5dee630797eeb9cf46788c3e0549bc58cb9838476b73f5e4578a1559
1324,0x87acf1c4ae93f1ea222b50c48e83cad091f90ac02a376c08cba511ebd8809e25
895,0xdf9de03256f707b38dc07e17866e9da57521d68b3061f5115033fbd931640abb
734,0xd5c4be164d320c18f0afe3a39bb55022e71a3ddafc83e90179f8f46e1444a4ac
1377,0x1a064e9ad8f88ad9046065bdd830df1afd9bd179e43dac236d53dbe28fb7a767
960,0xe3cc65d6137cb4ac54a4af06dc7d42a250d961c69143282425df11290b3396b9
1394,0x037c47eb63e26d0722f0a2e258e0a2e8ed094bc65e6d2abab92aa084ed2db8e4
1433,0xe87b2b83580153fe0e6ed2434db120d9e541f19df94f3f4e081536908a7fc40c
754,0x2be3e9f90c567b71d275e44b8248919fd7eb0754acb9da566896c6045936db96
1208,0x19c1f28173ac3a1b077e39b79ca7a9a1bb9d6aaf8d8edf07d3f4742ab516232a
877,0xe8705eeed1f82f2ace932fe76679d9f4b4353816b1503bcf7ecfc6a9fc2a53ce
952,0x21a80d7ffaa0ff54224f95fe884ff18b928c2e442e526cac5f51881dff9f024b
1413,0x6b2d9020ecbfba75c3d7986792d746cc7aaf0197b6b0a1ce76e0b5e3a6610ec8
1522,0x447b2a7873724dedb87e6f9379ff7586feff78513114cc01e5c27772fa400662
1236,0x3efcd6f71271092fda63f9157442fc36bd043c3cecef558a25e1c7880edf0c01
983,0x6d194edbe1ed8508d186482a576f5c992423746f273dbdaec578521779299a56
1435,0x5102dae6e2c4bca227c2593b847ba1fc9efabcc531b6a370d3bcb755ec037696
1131,0xdbc252cdb7efef7000b6d40dc8f9a1c5d5f1038929342aec4f6ca3601cedc063
714,0xfdd2bc9cef205e73510d8ef645a50b618a5e7175a1138018cb6fbeba08dee078
1292,0x1d35c7feed28bc2662bd648b31e41a5db7a2ae1ec14179688ab2de54129a5de5
1328,0x30d6c503d03efa85a348886cf2129d437b6bb8396d3e6e533da442444bc091f3
1345,0x58dc0fe6c562b23ca7f3af8a206a2b0b6afbbd1a7659411727ef83c00331b1a4
1088,0x48a427a24bcf905157abaeadc36817080f0884f6b2db960e89cf9705d2bfa4cf
939,0x6c84dc1b2cbd9c78966bb8c1f1114356e0f772e7adc115d1faa2abfe686aa1a0
1008,0x599b83bdbd8c1707d9c2486f34051cf3bd04a8e7ac9a636173e909f5f9e9a303
1062,0xd4f234d0b027a73227bdbf72f7314967d1e725f59c713f7237855ce981aae2e2
884,0xaea49a649964ff0a0e2cafb7033767f3137f7e2f1e8cd10d358de23d8dd3702e
907,0x0c890219ba652e5f2bdc40c46f943fa63ebf0256199b90519c3b379e60f98154
1219,0xffca677ab8158b1cc72bf3bf0ee157b32a8a98d4e318203663f1182779c7df7b
1357,0x175439ade035be87951c9a84504610c17ff74cc906ca14c641833f92b9c98c4a
1460,0x0e744f8f3638da1e013f52be05dd2e96f40ae8aba75a3e4ba1d3a210f68bc07e
1517,0x26ad38a0f01debcce71094d61ffeaa5a474c1ebe0bd73cd12d7925749575f785
1325,0xda20c2e481dd877ab89c36d86fe4c884f956e3acfec8675518b9cc0af5079e0e
1359,0x72b3c5702dd8813ec447b5099e3fcac406f5b1ed9ee00fc52b21d8d910e9d611
1303,0x92b62d1882a414809b47760159e86b36725494243ba613e8714d6b5a637e9511
1016,0x463e7b660763c188228398e88a8a92fb652f9f9249ab8a959108d7a811f9cf32
1109,0x884525f916ac1c8e21743f2e93e158f779db2876995a4123699c04bac2c6a68c
1005,0x6a28b0508c7787a3222b3ce38b793cdf3054bce80f92e5bb3c33217c323b66fc
1500,0xcb732f5f2a512db31c863471a9b943fcc86971beeff68adeac8bd3815f9c3df9
1147,0x0e577d2b92dc8733020e89c7a8f5094f7505965d4a9217beff41df783fd00df7
1439,0x0a1c62b9673b5dc2c6eefde9a7a24ad681513487457c6ecb2e35b24e86da8db1
1043,0xd92c5a3b88ab281353e191efd468f17963f4859b6f454505c372d8ab02428aab
946,0xc4d3a3e9820824288a5706f1633f7d578833c3a4421a6a328cbda77722d63bf6
710,0x7b513d1411e9830bd3c6466b083ebd56e2a6ba337a3bd846605fd8688e5c08a7
1033,0x29cf51b7fff22e8553767eac62cef6fa79478373db043b9cf1a577b4bf1dd526
1245,0xb11d3b090e3b0668b6e7b8c10cf34a5f05b30fd1bc08b67c80dde2d56579a4e0
1076,0xdc1384f3be5f5166d1239725c260f2a07901cc869fcc3199a1f226f3745006e2
1117,0xd7bb0c22622b928ef35a1b5fb7fb48f8c7dd912008d2aeaa725d88aa9429e7d3
1190,0xb6c2e3397dca86a702d6f4b1f45418a43c395010a56708e8c18b3e2406e78fc7
750,0xdb3bf0e28a0109f0f9c4023c6aef5dadac2e2b5f4f1c0e0ad8d1b1a7b01b957e
1067,0xb1e09f610c2a7aac2dbfe11e33a3da1e0336c874096d7fc4fed9e9d566f4f326
1496,0x040af2bca3912b90db3e0a79c23b425bad5f043184eb2326ddf953befb1b36ab
1151,0xa70094421c7b3d8f4ca535e8856f0ecb3d930534a9b970771c31397e6f862d64
938,0x257390259b64b7f4a397d7620995dc3cf0ba17aa5b7df4e14f38061c7115047c
718,0x74bef56f332d9e53f8d8d3d493eb5cea0c4a2531a0ebba855a49a1695e15214e
1308,0x72420dc24a452f60efbdd40df69a3bf4ca3314f394a25a73b06331a93cb7886e
1285,0x105364a89a27eb808f91633ea374019a84de53f045e1c0e33ca2e03768e6c8b6
1497,0x04520cd387820c9556e2859a64cdfc10a2653bf2897531b10a07517efef28cee
1029,0x7648ecb3a73813908eccbdc74a9c077126936cf4b3db175ef4eff358ab1c8cdc
1383,0x7079235288c6b5d1d97150aaf9ce83fd509a904a040f75e3ca599a055b37b417
913,0x08cfb5574c6f8e269349d7eda22769e0e68660f49fc23bf2dcd660eafb0f130d
943,0x78935c0af6a75731e0c941b5ed57336e04a14ec9d3f07606d94c22af44d1d855
989,0x2ef704f5a10842fed02b2756608f2224961146b9164fda36487325ada638e428
1346,0x09d157611bda4cf3427a307fb72e0ee2efb7483eb4bca6653f3f2e4cf7bcfa1d
1154,0x137cc0f9b48f0ce5ca718b39660d5cc54ec5c4ab43f7fcfa5257a88526bebd1c
1389,0x12957d821c43cf610036bf56af8dc68ae3c3db4a83fb6ccd773acbe60cd39f36
1167,0xe9f40dee724f4c4995e53933ab5cdeae5dd4ae3b0ffb65308ac9f26dcd84505a
1384,0xb740fa5ec83c561644ac9bb47b060028f8d35f2016996ec5c02365094acb2782
724,0x29f515c171cfa0f6eccfcc6b6100b27898f1bdd7f376597d5d994149c0ed9258
746,0x49594540cc1a36ce138ce442b4f7126933aa8c970eed755119ea72e90a92a06c
719,0xaad11dc045df40b0c7315b7af2ca8e1b31ef34ad04c0d62e7f84e00af10cb824
340,0xa5df038ae8f33af00d3df2a6e43a2424d3fab814646d08a879e4034b06eaf89b
1498,0x5566c6571d48a05f7438ce828416f32d8ebc7ea6dc037d278bcd69c6678e4bcf
1051,0x3d2561e7df25978ffa23c0ba236a71eb7db4e357262774f61d0d79f3d960b1a5
1339,0xc51dd45743a11d76b03d7a640e158f1b61c250fd928271fd1d19ab84980953f3
1054,0xf4f6da1e87516ffb76ce7c4cd54ae144e031fcb07ed6decd152382041b4d3459
1142,0xaa41e042f194dc89421b101434fc32e7a50f3e96417b388c2f1c44c54dba4429
975,0xfdc9b5eb65f33d11915b024703a5641a17854ac70003f00fc5eb8cf53f4792bf
967,0x178ecbde3a7bc2bd95eec56307ab04dbc08f69460c41a263e34d48313dfa3927
1020,0x16a8756acd62bdd3a4e9181ec5386ee7ebfd41db3ea57add3de68bd6e70603da
1352,0x595838cb1862e15bdb381f7f5dd88efb0a5b0c191bed78b37431c4b743a6376d
1097,0x64be00360f66d1f5190b7005b33f8302c1aca59c519ddc17a98edfb546de88ff
1355,0x397f2892865924558cad69dea0e25a22ad5b605936da130c794859a075a1739e
1073,0x3c047cfa8434064ce1996b187a41cf3da232fafcd9ee63fbd9a187ef8e602563
1302,0x1b08f38ff2cd44c5974fce01358cef38a179b1a5b5e0076c3fcbe4b6d1f59adb
1254,0x07050eba1140a8a520816704def2d34816b89c03458d289efa94d3a4172351ba
1314,0x873732ccf88090e036377383fd0dab3a7d708aefbaa8d55ce759c9c2985de2af
507,0xafb700836704599ba2e3be5bd070635e3498fad9dc964e7a8d748b72a01d2bc9
1110,0x9299fc08d73a2467da49be3337f19e8794fa98a40e694aaac15148b286651baa
1443,0x6cabde92f91aa6a5b7d00f653f8e618a3f48b404aeb88af90cdab718cc6a9f36
739,0xd6bd42a9b459fe351ae730d1d863fa3cda2890e464547f74a8f0e28c20f8be58
728,0xa96bc442d7dc9271e569da861cdbadf119ad7cac5659a2731024be6be5df18bd
1507,0x31117fd65383f57a9b188598476790263d1be3e64184e5d17dee75f61937a0d5
1158,0x2cc6934596a81a85bcb3f36372788c0a43c7062e5c386fa639980c806376cc9f
1318,0x9be03077b302f84af8b1b590f467106257af2eee8b0ba1a2a80a75e0172380f9
1487,0x65f6da8ad61ba61bc443b380e629fb097ef821b3ee409f8d482f72099f4eed2f
1351,0x93295ce1a5f669cb3d44fa72c3f293684a08cf3396754fe72e7043263932903b
1493,0x6d65d142acda7df2d332a54edbb77f528daa9748d16ad0becb736b91ca49d082
723,0x3b2a7627e600177c6d44966b3ca1672f48efba1ef5f236f982f7c604f922fed6
1244,0xd036e7d35998a012d52f2c51e52cbcc2c03f821251342f560cd80b7390f1955b
1014,0x2aff2bd92ea6024025588844b3fae62d2976b97621277a3ec3a8386f6f34f97a
1286,0x3b0a4debb65f1b1c7f43adf269ca74d6de8043c685d10c718d437e7b881fd22b
880,0xc8895daa029b33f5de93af828c12185057f5b6d356e73e91e8037729fe2ca91a
1098,0x372a91962bd554ef661c9d808b1520ea73b8a929fd9ce5aa06adf1b81ec0f31f
894,0x73cb3eafc767d73fe8ea9e4ee96e4d1ab748432a70d2a711518a6b039672977b
1122,0x7ac640e2fc3174d218fc3199403e95dbc4aba7c11f8a2d53b539167bcd9b893b
1095,0x076e5f2033c2ea74efa6258b82c8dd7026b4ff99e11d0496f2078a0ff4b834c7
1202,0x54bc7e97329c325ef6665c4b0df25a8e465c2902e8e8f5d03e6df16b2b7a90ff
959,0xcb8d51d95cec70623808156c0df9305001f095e6bb39491d21ffebe276cd216f
1018,0x790bf42f4d684770e1464062ec69310d271eeb6d04eb29145fcf9cbba3cd6e12
920,0x755e6670af25d754bbb4c8bfdf85edb710d2b0cd43b6752bde6a97456e97ff29
1307,0xd125621e47dc4fa99f2a35edd1330b35d63e61b1b90cdeb22c112fc5210da3f0
1387,0x7952c07c3dd33ba979795ca2a539fa0cd6ba61e6fb76910315368c575bb42c65
753,0xd51effffdd3e696390eaeaf73baf93e3c80e7e3b49aa16d47ef7a0badf8af8f0
947,0x9a5219b456bfbea75c48088bc77e5400cd5144ee41f171e107f168f79ddafbc8
1233,0x1c43ff85feeceac79b9745bf2504381d38c5183184cfc247dbccac9d97093c40
1520,0x5b3530255dc075e39cb8705a495d575ad0f267141b26a4389d74116858105deb
1350,0xda2b4beba8aaa5db18a362bc4467550d19784afc3e1ea2c5edd033fd9f1a7038
1106,0x60e83a9eaf4cd3870ce1e32d4839ebd114d56df5637bd65d2019dc65e3546e39
732,0x58eab78b46af2a1e309cca4cc4f70605954a49d6601ac5f2933c9933c0531b5c
1438,0x8e2aaee7cf0860f337bdae64f18e2d479282115b09d607ca1b17e5cc05e9adcc
1472,0x2d953414c2284f71ba7c13b343b6f3eab7fdbbecf36e915289360c403810fefd
996,0x46d2efe0a5cc9070a2fee634beeb9200f5c206764928adda8df1c2e7e643f14f
1519,0x90fa32de69fc830cbff41f0c9413c5062a49b4f1e1d7b4e0fe4342c0182100dc
1274,0xbda5599cd7c61e2778a574cbf9209fb7cbac272aaec76a9f799a76705d28ede8
1448,0x022254033ac448bade681d8803561e49db220be4fdd0a6169baa40f559645a67
942,0x8aa8f42985adffaa5762679de0ec71cc1b9db28995bfd869851c2c06de60318c
970,0x1f79c155970c930769f47c274e0a6f8b3337ecb56882f5b1fdc94d5280b51197
1228,0x9954643f7cbb05944ccf688865d3f33d53d2113fa953d472003d79c2ee2eef0f
1069,0x2284e4386f867bcb87a6cde402e9617bf59190e7d580af53333d5055089b6d7a
944,0x422e598bff52ab29ab389a50940807f0f4c04aa4d54c1f15bfabea6bb47434ae
1499,0x020268ab53e8f26489d0177cd7f9f335402dd158be37570ce860f0cf5965c4fe
1270,0x3383e95e1d30cf2069e9c7edb03c803f8d7569ef662617885928b5695a1eaaac
1188,0x1609c15bb182b6bdb5cd463dcec36f129b65dae8fb57623f24297f4faf7154e1
1141,0xdb9202b2eeb089f07ad88da147c3602e18b56a8bd53e999b06734053def5b19f
1305,0x79d385addb4a23b70d79a693783a43eed9708319801e6bee5532878973121f94
1430,0xdb9d617c84799db8c0ed31413862dc127a7543201320bbbfc9fd8a041956eae2
1250,0xf49044d68db5a1d538594b1ee3575cc2ebd2b8768bff8ba17b3d834492270412
743,0x9b8b8b7121d9a917cfec1667ebf5f424dbf25c97c9262b30e8a8fe802593114b
1121,0x98a60b4f622bb186b16d796c3eb1d14ae781dd6a2e08d9e3592753458991ca5e
1135,0xeeceefa5a3c58143335c0d24c10d9eb793b05fdf4f2cc6fae7b7cf53f541c6a4
1489,0x6b3316a269da81ac9ec767124ff99380d85cfa8f5015285a0db01b910e72ff77
1309,0x9d525b499060fa73ba8f81a26725ee970669a3d5eded9f28f602d0988e550e38
930,0x96cbe19473572abda1e9689b13a858544e8e2f4cf4a95251db5df637ad38cc62
1187,0x8f04b15a9dd4c6796e2a1c5767085e38b636253343f6251200c316edbee4f241
886,0x34c1b095a4cfa84ef3d49b4fef84f464fb85e60452b05a377f135b129d96746f
1087,0x96c22da4eba9c3e68637410bf57b6e1880c1cf18b6d9c26d97e343e1db4f048a
1183,0xb9144fff53140453fa9192d14ba406ba27c3d72bd442d35ad205c3b5f7eb8435
919,0xf2bbd11b7ec9b6574c6bf00847ecd2a30ce39f4f2c8fbc3f978f66ff9cb8f60b
1080,0x08c353239a63d49013ba6117c6fc2ec308ba29093fc204ccddcd20a9844e84e0
1263,0x45d7b890a4d8f00148481d00140fcd5286157461f744fef4b34a249a585289ef
1063,0x48c7009f9bace8ca6da803d531cbecd8d06e4de9a331a941cca5c5d25ed17701
1039,0x85f40c500689572536c35a8bd323bfcb53eca59b16e2fd607c5ce67d71460e04
1349,0x68f3aac195d841e8be9753d1db19fd69eea108964d8d9589cb690a54a5ac5e5c
1022,0x4429923e70cff5b9f1d86546858797d86d10de1290cc7394a125e5172bdc5f4a
1218,0xa75c9e7d9d04822361371f934ea8bfe2a95a4ffb661559e9ce6bce19df9eaaa8
1338,0x87c060211a6ff5e1b5830f33fec748ce629855794ee87cabda0cd77b62b1fb2f
1380,0x4472172ee5d67f08877ac6ef6bd5295c9665f0941ef7eab4979038b3d34f3be5
1184,0xca4c0be87adff7efcaaf05930fee76e0f52f85772315c3a3ea3098289849c962
1385,0x2af6e51e223e43fd4f0d9b2d8bb113cb5fe4eff35569cb1c5bde620c9dfaf5dc
874,0xf4d6b436f34ab16f533e9fd6c47f34c1bc845a45bfbc2c7a82d5f60f6f2ded62
1059,0x36ce00729cbcfbfe925f01626b5751256929f6b51a1133b34af043cffa0148ba
1079,0x128be367d09e2252e3fcb731a562f88d5b309df3ae41f1e2a7458e3cefc51dde
722,0x88ed17ae9018920d3a5f1124dec6015250535c382dfc6451dfbdf6fc00b64fbe
1053,0xa030b0e8b07640de13310f0b2c2e4038f06716b655745051e037c2b520c09f05
715,0x342722ded262c2a2d5dc75170fe8db70cc3776b978a5e50d9a87a8261f608470
1344,0xd4e5e4d0709a51c0df7857cf555bce6d6f87325d5cafd9ba76e824225d896251
1140,0x3ce2850138c40b49c345ba878c9829340300ff4659ef2791f2069ec730872361
1146,0x3da3275a52a137beaa295fd82a2e53e747e2efd0d278a77b613d4966f5bc0403
1283,0x7822c64e3ebeb5ef25441191486561bc0706cb7932c16ae2beb480b2b87f56ba
1000,0x082b1e893fbe2ea4d8b4dda04172c4f0426be6332e78b010425654a13cec94ba
1381,0x437ebe767fefb32b4e818340cf9bda4aef2ffecca932362aa8eb248aabb5eeba
1322,0xa00c1da6c88514f1c1b4bc3676aa085a880120a2218f0473508f8d8096857cdd
1431,0xb0a8a78ff3d913859961660cb8b5d4c1cbf72aaa3b1d3ca9f90894ff0940aabf
1462,0x7353a44ce017183559176acd9b58df519df12b891503a27c0c0e8ff740c780f7
1337,0x5e776be0187675b0da840363ab80289e31fccd0d0fb0d3e772ad0b86a6147f13
1474,0xc799cad2963185c1ab6a83c5e9791818e4d0a8ddb4fb37badb77a71cee74380c
1157,0xcecf327cecc728f3e068c1ccf031cc53f59aedeeeda6f2c3c9a2035af59dd3ff
1269,0x62bd1a9d474841431fc24edf20be78ba545bcd859f2d8acd258a9ca2810e5ec4
1414,0xf7930aaef9170f27991f9cbadd2a0c482a103f3167823b7b6307f7e7de6fa572
1251,0xf3943e1ebdede4f6636026e944b5d66cccc218ea64d390825c4a870a7b375833
1436,0x82d329e24565cb75b6cd7c3ab9221999aa5158d625987c72e7c98f9fef5fa6d9
1112,0xe9d70199da0a2574c77f9e811ecb8c0876ebd221dbb1f69a41b2569d769e494d
1470,0x3234da5882b2972f0fb71760cd33b3050695944eedc59807c3c40b0ddead78e3
1105,0xcfead60ccea78fa37a1255c288ed1d31295175583f7930aaae8a86dda09a2f38
1514,0xbcd62dd4133163e0e47d6e54b6193e9c2917dcee883f8173ad222eb74753ff83
987,0x75ba5015a74ce1e60f0d1b59502ab4c981e37dcafdedbd5ba4481817d6df8506
1258,0x88c42a20b448cb001b716ba4638aca36ceb06897cfbf2456700ac82fe29b32e9
1149,0xff2bf306b7cb89a80b32cc730b2821ba5ce496e9385c6786465289aa9e076d5a
1161,0x636fe6a6ae0dac8be58280fb67565292b34777e5542dc3cbea84f15a44015d1f
1021,0x9fc62b2348b95951176f6cae63d358ce4fc926629cfac39d421036738a1c5b36
1017,0x4d03c2c1d56aa2ff7641dd3c1b4ce7a9f16d2543f65f479f901414db82741abb
1091,0xd1bf57c1ce39c8a6ac9c7fa2077962f238f5edcc39f709e6c746f768e84f50dc
740,0x8faf01e7b02c25e9048d9cffefa3e8a212dbc8ae3b0447e3b71c9d40f0aebb5f
948,0xe050cf631d061eef6dc73f8b2e1018529dd39c2cd7635eac326107c74fb3e805
918,0xd9daf2840b003d0dbad6fd7789e9ed28aee9e3b2a2fb8fa03864bc3c5a6406e6
1515,0xbde4c819be757b3b11342084638f773ec1ad39c3a0ab432b58bfbe10c646980d
735,0xf1b1f1dbc005b27da0989498295f12c39b259bfc6a6dc831e76e432dd47b471d
1295,0xb4b8aaf1fdb0971d810c98b56f00625d74b6a26242491c5dea52d237e5774483
733,0x4ccd6310cd1bf1370b550d2950478b11c103719864abdf2dc984c20cda674ee1
1281,0xa6bca14d6d5882adb933d248dc282e8dc6a95596ec4c32140a892a71f9850344
1221,0xac2b8cad4e13abca880ad35e924925f6ca1989190b4b42e600cdda0448964fa2
1199,0x17b2ca333266f465c5b2d9b7e9af335dd18ecc22d3c2ab3b0e074b3040cf136a
1139,0x5cc03ac76dd6425f05e9fd84c6b535fb50d4d3f5787de6052ebac70f906e2182
1132,0x4396063d1ba13546fdbe84ae03516b587d59e971139277855aeb9ec833043393
1214,0x5b968ca8287d23a5453df564918dd67b13a968e1794cd2c506e11a60fbe8794d
1488,0xa70ec8572b8eb386a4bc58152bbb3c16d0218e5ebbf065a2bd316aaabd34f094
963,0xa006724af5d3eeff4ed9862c52aa7fe9456fd96b34e2cfcc8bc74374af8e34b0
1382,0x861847cb8e8d11fe0368f041e3a7f4c7ecacb4024245ad001b719c0aefc9e7b7
1483,0x7a20f09e235fdb2e8ec65d97b0f1ad50d25010d0151f4c1f0941445220627749
1231,0x439b1f9f71b4726e9cab29410f8c930e17f01e5bfa4891ed413e9d25c897607b
1501,0x0955c7429749cea23fc6803b34b3fe34154214a79884b7cc30e95f49f01d17ea
1360,0x713605eaccba30acfb459a98bc1022b8f9642e3d32be510b01fde3c30180cdb3
1101,0x4377094e185c19162ea7f7b9d7d6f4670936ef4d371931ff41494cbda8846d81
1009,0x1f6f6f453d95f6bf9f6545ce4b57e92ab568eeced354fb4995deb7120f165d28
1253,0xab5b9c7a20c79f6b923a150bddb458837d50a9fe160e4c0495bf283776c76c19
949,0x11c8701ee666a9be5bd9faafe5693f2551ff9b68cbde42ff4c6404e6346b818e
1395,0x30873ba566cdcb752c3fcfd136b538609d0477ffab90a3fa6a3599a11f3d36a3
1370,0xfe351bb044db3db39cee734b49df9d2ae43baae1ac2d7d8b3c4de5138c109310
1441,0xac717319ec982b0f0a641e59e1bba856e96973951ca9f57906cdf47bac5ca78b
1230,0x85d84f606c8b4dd371f412b1ea773e06ec9ca450d5ffcb7e2e75d49c25c96b63
1510,0x8ff32a6c20414f6478c05f60ac05cf452f04d72cc18244e7c72e51114187f6e1
968,0xf6b9faaedbb229276715639b21be66507e3afd8489d52e9e3c32a1dd5e2ff9ec
1050,0xda30abfde3ac767e21bb88dd8648b95c679e274b6140615073f3b729ec6eacd1
925,0xc2193c1e342449e584ef9d52dfab681ae3f185ee0cffec6f057c00ca3936584e
1264,0x35e56505172fc622c4532ecd4bdbe979587740505d5adc87802e4437c3231bf6
709,0xa28bcc46183a4141cc42d81482d8ce37cf286ff42bbc8937be3c2f5f740d108a
964,0x3c44a8e295328c29777f98d29430378e388b88b6bad13a4f165439195c79e357
1031,0xc8d758cd6572f5ca608c830fcf7cc48f1056a7b05689fb85d97da922a50f9771
911,0x51f7aa3ca0f1773fb28592d56a2fc2c185abd014f4fe3efb52552a01c5ef4251
1027,0x0b572bf885130945a5db61098880e72eb24dd6d7c516d6020f57ced8968015c9
1486,0x284a3db245a97acc112041d74ea5ecfc418ab71dc26d9058cb0054e125ebf858
915,0x5a31452f9c9a6c55aa87e4ef3a31b2ead59a7d24b9f31bc85fb565257579654d
1427,0x0a786759383c7fa540030f594367c79612468827fdcbf3e3fcfe8df465976ab4
1331,0x4aa0029d320b88128a35f0b75c674b90c1143c5b39324343178b1e34eb50c75d
899,0xbc28f69902675dbfbf0aa22d5f8c3536a482ca5b1c605e0c2d28bd22185aebf9
945,0x2060c92ff869b9d142ddb2b0ac29803d7cf0f1bcbfefbba875ea0b7afd5a11cd
882,0x840356856cf06ee6b509114e4de20bdac435c13511696761ecaaa91a6790dc06
1072,0xd493907fc7627d90793fc41756f6663271cca0152d95c3e31b81c88b9ba6c75a
1371,0x48a2b0883c93c726e10769db2c5dee4c2cce7aa1013eb68612cf67160d5800ee
700,0xf080bfa286ed3888f8109842f896ec716c923b6fefd4d87432f30cb28898ce61
904,0xc3f523521e51dd46876c4a55c306df402236481ca5e5175e9fa7887a9e13e708
1169,0x08eff90d0140f3739a771647e99170e5975ea27c4ea5ddb9660f2939be814448
985,0xe41969dc88ddab803febb30993ec5872e45a43c50c7782b89bfbe24dee92d963
1469,0xb80c13d749675beb9a4098047b873ba4b84f2fa2e1967a85cfd6e0caa7efc445
756,0xda19bbee9fd95efa77718353c7abae779a67704099eae7b1d427b7026bd8164c
909,0x97ca787a74d5c403e3e61487334515e6528de87e53fe85357eab4cd4a470d0f2
990,0x7e25b2c69ed3a3c86016b542acfdccf48fc0464be87ef588a9034b09ed207143
712,0xbd5d6b6a46c2ac1fd1e18f5ae6d4804247880bddeaaabe6e48422a35e1fc9302
897,0x34f5a94ad8e60f57b9b649a1b92e8ad3993148bb863709a56813bbe79e052935
1326,0xed21153a11316be15ccba25807c66274c9c0c4e39a0cb1b265dc3cbd65e6bf36
1025,0xf498e994a541b424abd576378e3576b70a174f4480365f7f04d7e87b2a6c1cd4
1248,0x4cca3451523564d9778433ef6691f7c88ec2f089280b7e0689fe10636f77a038
1038,0xbe4a5d64a92d280056ebd967abd02f3efb7df24de6418179190c469b9f6adb03
1304,0x90df79edef7a3d1cc285f420ee549e3198e6a2fbd5dd830c7a35ef4261a47e5e
1094,0xcd9a02c510de0995b9d98febe2d3280465be4ed96cda589dbd5dc1f991b2e2f1
986,0xaeb7eb594e701512efb4523f27343c2944a848d9499d783da3cc0e5de91c4d6d
1164,0xb3124e42109ac346afd5a07dd3092e771e6501bbbc3a4fafa2d54240fe39457f
1052,0x4ed891e1f982c6b5413a73dd86d2aa255964adc6fd02c429e0f183a30e78b108
1100,0xd2ba8c10bc5f4849505b1ec9a9182a805e47ae755a7b547a6ff12c26251cf47a
1315,0x34e72c2148f46a56fe1f2f98dfd1ed005d28307a337296890b1a049146be8fc8
1181,0x33691016113476b588b01adc1bd86caef8405eb4188ebfc147189e727298fd5a
1220,0x32f8a180327f02c432ba5ef4245f5fc3d86f7af27dcb659fd98b597e60067fa7
1046,0x3a732e4c1124692d5b3ebbded6d5f9f0a4e9ea05e586925c178885d1c62b0219
1478,0x72df205618aec10677da8233223eb1ebc115514a1fa15f8de6c84192534867df
1137,0xfb72ba9bc2c2bc91473ce84b30cca0fd79e999d103b7608036e3dec4340b3ef0
1392,0x39a38615b4ef8b3e907e37dfbc34d03ff043f34705875e11e835335179513dea
729,0x005e939dd9fbb816e185f0fbae1988a9179312132d3d4989082a4dda73fb7357
1396,0xd5a6872e01fe1be1aaa1acb1c60f5a851cf1165526cc233467878d854ee5a4c7
1225,0x0a66fc6ad75acc907f24ac4135e9df645ffca44b12fcc46acf8e2a65e1c46f7b
1424,0xf07ad435faa3fab761c837baee08dd20127a6d0957c98b6a908c1c65c6744794
747,0xbae920e0e46ba2689f338668a256ab88c0d93ab90f0f2ef5bed5a4f9f15730c0
929,0x3cfcbf75d223d3051925998d90c62c51b51f35d21d0da3dd7b658b3d2efebc98
1160,0xdb7822615b2e3ae92297c80151a3c0f31af3076b6c2b07f45a844a34ddac6de5
1082,0xf95233c2d1c729790e3170af9bf715fc7179461651b60a66da09b0e8c2eee886
749,0xc85e5a357dd538c24483c9427814a96982eba3485476948e86a4e09c96167583
988,0xe3bcc83d52f64e2e64962f607151f2f6d22b091a6281e69da69ca4083f31a140
1066,0xbbb9dcec8cba2db48159cbe1ea271daa8d2c50b5d23e6520add2c590eb3d9a47
1061,0xc84ff6037cda0ce424cc8e8fe5685466522d309e65c73ed6ee3db1a4141a5d0b
908,0x177fa40e1a8942f62309cb47f0110cd8872a67bb4cc52a55462198546de25c98
1386,0x781339e093245dedfd5cec6b37112731b464c9c6b140567fcadab14f31fe85a1
906,0x9009b106c8fcd6dc07b292cfa7048fbf53a83277c5cc1133c3f7337edb5e04f7
1419,0xf11622ec82c773b217514763d295e18a9cd133b938c3ba628907984545d9c72f
1036,0x4f9cf1ca6777df980b73682aca4fe7b9039f790be98f02acace02246143b495c
917,0x59bf06c646e41967ec6497007b6cd7f6307657ec747c0758181688f9e3eb1145
1290,0x92f26b20b2306b217bc95208363b7b1cb8b8506f353503d2c9d0676377c490b8
731,0x6bc0656b26ebbfa961ce5c24bed9c5c2a73ef46d6b794b0d90d7770e15afde15
1437,0x71bbc2ee01cc2de9853b762f6f1c55b59296be7a791f0a3c1657b1dc90a69f32
1516,0xdcd2b6b16930cab720d8ef3a998f0481013652f52a072c5c486d14fc621a9739
878,0x95b10970f1e4f2313891387f2fc67287942909960ff68959c528abf1f0a1a021
1508,0xd2ed1d646aa437cf95016c18e916bb6c0d822f9058dbd5387fc9eba371c47576
708,0x1a4a820ed2015fc8cb979ba35f12edd235d417c27ee9ebeb5008781cda5208d5
979,0x7043deba70b010f7d2db78ccd26a00d2d83a558f1518c07c1beadb8168d648e2
1374,0xebbd56587dd6628559fe785bfe7b058f3d3cc30f28fb73614b3a62945059c7a7
1099,0x3db0726ee82be3b026f0ac5054b33c006d59e67b441df02a1d63b6db94153aea
1294,0x720d409a92e239e1b6e90a831d8341293cab465ac3b5e3ef809380060bc4c4fe
1453,0x13def017169297fc1792e04511525ec0063ddc5e0226f87d4534c8b759b5de2a
1415,0xa26297fde8a8c7f826fb2b88970ca60062690564163daa8f60611a209c8b7853
1026,0x06b7d021b7987328b9bfef7b2d8b03f52194e46449dc05ecfcac19d2f000bded
1237,0x965c5ebec76b30b45e497ec22c354ccc85249671ad4e1289247acbca8ac7b1e5
1412,0xc7f3b33af4cfab377892ea99d5e7050aff5fd906f1c07dcf28318062608dac72
751,0x5b4b93d5818a52be7249a0b222b22329b854296c7c1792fe4fc08dc0ca3593ea
1456,0xf9d621107589d13511c7a6a53bf890e5153d5f423c36f1c64e4f09c41d874c6a
1429,0xc5c98cbc3cb957921a6931b218937309defcee6df478bd90bd0b03a4f231c53e
1353,0x7563d9ddee4eb295058f3c2453adb801af71a9783d972bb34a82abfb24388861
1203,0x8ba6e91371499c41eb1b10dd23631a681fd0b3af8855ba96b49135614e772f28
1120,0xd8343446fe4733e1ad41fc1d1d1c0d43e024cb8d8a5a9f3485e1291d7b0461a0
704,0x59047256e7938051307b0c9bb1ffeaa722a0b1db8d2956c701fd900f96944870
1417,0x3d1e843401ce459fc5bf338ad8c6ceb6152a2ebb3cf935f70133a50f8259e8b9
1320,0x571d0b3b8800ea7ebadd1083181df22e62daeb0d7a418512cd1679ecc5cf2a83
1111,0xc19419c6c5acdaee57f501f47447ca9708d501360e036fa93cef26a6e560d874
1047,0x2ec73dd89ecc3104a7d88198b995a4f4a7d0b299285086314ad199847f2ea91e
1223,0x26f97fd98a863eb4db85b61be5a16dae64fe4f79d007ff6bf5c385079f3fb93d
1048,0xd55fabb2a9bb6a4f160687528c94ccf574c89177413c9b00aa36f13d1535bbaf
1468,0xb21db249e8710a2432bc8353321c794c4c14a8b119b865729012157e92defa27
903,0x95afce778c85a934fc68ac17a6dd05f177a7fed861270be89d0da0ce244a15cf
922,0x739cb35bbbb48b6a8c7451ff6168fa1bce83c7e4814f65e7f907c1e505279f15
1044,0x8004a95c0f9b8debc67d3a4578c15caad0273af75d2c4855bf1b75bef6176d7a
705,0x16bb6013ae122ea4c81fa960d578300934cfe8ac676ea78246a02b8e2c16b7de
926,0x1d3aaaa321bdecc74c75e84b4ff82df74f9f00252490f5b310c6de663ebd1928
1090,0x42b60e477a897d95b95a4484f9db8b5a3a10d52ba26870aea2554ba0a5c67610
1240,0xf92e491b327b7ff083ce69ba6930bf57c2557fe3ce2742517f5fdd3140a8807b
1445,0xbc6205b9088b83a54d612ca7f1035d3e564fc1c71456fcd1dda3113655a2aa28
1115,0x677c8f59fc6dc1d26568dbb1bca1c315d4736413e6dade34bd455439cbea5fd5
1280,0xd215ece1722df17c499921d08bf620e55774d1ed799600da96674e5c42aa453a
940,0x10283ccd944ec60736808f04aa9c9fa1674145209cd353c4cc79b465480b586e
1480,0x93426aabe564bda02d70904e65b6b03000fbdeca8dfbb49057d254f3bbe30056
1136,0xfad6ff3216021159ec8c57d34a858a0d7d9f427d862a9f1c2dd11555ea7d9c8a
1311,0xc9825e09aa18d07c1e52875348cc6d3eef001783c2a1b2258f56024ba1baf4d0
994,0x4f97de9cf646061c1ddf1000ea9d891e8fecc72de24e23eae411a0c5105b29f7
928,0x0f0e9d7d419cebd95542379ff895d5ef70e7946ced3c5cc64dbf6d0b9269b75c
1261,0xbaa26f7dbfa75cec2199c9a7d34b7ffd1b2f493b9b4441d143dc44f8946b6650
1403,0xab79405bcbc404a8f1850886acc13372e1a01741fc24d7f53d0cd683d9ad4fac
1368,0xa60b477ddafcceb408547b0d3bb54eef33ff56fc27e49b03334f42ef7b20efc5
1057,0xa3f8beac16cb2961e6ba2535bdd12a8d7c1806b22636e8629f811120f420046d
927,0x9155ccd2b54a137dd7b2bfce6a4676144ef8637936563e2e906955d1a4b06009
888,0xad7de95c79f66a06bea574c5ac92ed5af1d2ecdb86a064de2bd473a1ab03de8d
956,0x2cee08aae1b70bd0ed4072bfe9aec83356e5924c369688ae7db2143623faea72
1071,0x3bc65bf4d1507b70c82f2544e41bda1b75d78b47d6bc605a76e4d73bbeb6ffb5
1354,0x9437acd4c782f0fd2b41df49820a6a86d088049740e015e146cf8d318c4acae4
1003,0xd12eb7353b0d9a5a658360c1ef7010c239c5b80fc6d92cdce9574a68290a9067
730,0x5e49ecfd240dd2bfacd6138bed75fb29eca84d50709f9fe8956eda43f9847ea9
736,0xd7a41f93c6e14eb730fde06820f2cee01f6fb88e5d81d4f0480bdf5370657ca9
1126,0x81e8444cebdac7ab4be84563c4e5a5f33af2a6afd100ace539e7819d3d6f3139
1192,0x65cebfe29320e119186e8a5b5f3c75544d61c726715601e1e2073336a1e9d01d
981,0x9a7c83ee24d483b7f92adf2a1997f618c5b82a87a5edc7ecfe8a892987ce9d5a
1262,0xa94d12df248c5cd76c55ebeb67d63fc92487458260a2679683ff050b5e280ebd
1255,0x467b9aad4e325e0404b24f6ab91bd9c6c203fcd90e7712f77d49c4983d8bf0c8
1212,0x47390f0475a453f1aa51d30ed88434d1a70fef040e35ea130b36c8fdb4bee0b6
1246,0x99d1b0a17931e8ee1a1450fdc4a2ff55b580ac894975094771274d1d5e915093
1211,0xe01c505b314df5c8c108f4ba72ad9a931babb5d75d3501d359e9e36fc416bd75
1174,0xfbffd5fddd898abc0d19df81ac16b1f7eb9654071b9389bca159cac65bf34445
892,0x3187db597e9cc136a4b7f8f4503f9609702ce29e4c63b7710e80ace15a9db339
1458,0x0f4694bc662575a4a9528c9820611a09a20dea3bfea8134df0abc69a67aef92d
1129,0x275b7a8020cf91f98a7768c084f4e07479cec830d0db9c3b60be8c5147a7fa44
1116,0x61da21dce8d4d61967563867c93d11afe41dfa27bcb7c04604bce8a4f3814d4d
1513,0xbc9089bd4dd0ab21a69a2ed96ab68fc689ba6287557b507b48d926773bfcc07a
1260,0x0c785645dc174585e161c3856315c0a988097213cad12771aa5eb5a47824a26a
1481,0x6cedbcdaaabef9a097cffa210fa51e38cc74607ac56856667217a2f48ca4b657
1049,0x2fb6fdcdbd45dc1d5fa44319b29471e680091427c8102a907a01cc5bd679e29e
1366,0xfcce52353fa37c0151c4f984e263cfaa22b367991e8366122b34ad260996acb2
1372,0x9aa1622fef8d96df777e61ec6796257a9ed1012386981cd974995402eb81940f
1432,0xc883c877fb9ebb5e713e154b0dd718bde5008170f72ee1e29115fc1c4ad524aa
1373,0xc91fd85ac422a8a8c23e5c4c36f357de9b027cac4eb31b912c054fc37537f53b
727,0x836e98927fc18b38e5d87ef08ebf635c4dd8dc7cd5da2742319bde64d0f5b0f7
1156,0xdc621cd97d4f012a852a921dd5402b347441883d5393584c40919a6cee416305
1319,0x659229732efad4184ba380cb6dd0006503a98bc6cc1ac481442d218b8e6e0718
1166,0x12681d4dc041515cd7f640781fc6b7c0d30e022548c4ce51e14cabc785089e0e
1159,0x6f1e1c5a9be8d8f4e9008cbb82129246442e0134430bbb875832a989ae5e2c67
1226,0x2165db043858c2785cb83dc3070595bf02975ab5edb1a205f9ea7f0155869412
1333,0x63f343b154a07fc5da3d099d14be0297bf52c5eb028600e017bdd1660bfc39be
721,0xbcb43490b15ea0d074cbc00d62cfbbc4920d16860f2c5fada5a18ce2a9bbcf91
1224,0xb17bd915e314943400d7d01f031a850ca042e4592c65dd0e8ab808ed99b9544e
1297,0xe9f48cd18fed5604eab2e0172f000aba9b976bc12f5f8b594b5d1f977a10ef8b
1259,0x80d1ceb117e4919dbbcbc5c44b05ffa9bb3e972a909ffe235a7ec5e9ae58c4d2
966,0xb7237840fa68b8aa5e11e340b9b76987064a5722dc2dcceaf02d1deccad1dcce
1365,0x347a2aaf08321fe166cbe2ffca05d181bfa851b11fb8fb3571accf4d39ea0515
